probability_ranking,qseqid,sseqid,database_start,database_end,log_probability
1,random_query_sequence,database,77785,78645,-1143.0823946123544
2,random_query_sequence,database,0,275,-1779.2942869649041
3,random_query_sequence,database,0,321,-1955.7660125045675
4,random_query_sequence,database,239236,240096,-1991.9325552852954
5,random_query_sequence,database,508884,509744,-3028.36268005323
6,random_query_sequence,database,542919,543779,-3073.713352756241
7,random_query_sequence,database,557234,558094,-3090.50433846365
8,random_query_sequence,database,603989,604465,-3101.909720272229
9,random_query_sequence,database,507779,508639,-3138.456606488174
10,random_query_sequence,database,509349,510209,-3149.066659714118
11,random_query_sequence,database,509631,510491,-3203.5392870213254
12,random_query_sequence,database,507862,508722,-3361.8971673586334
13,random_query_sequence,database,578729,579589,-3394.611114951432
14,random_query_sequence,database,579357,580217,-3403.456300015101
15,random_query_sequence,database,579074,579934,-3412.595610278539
16,random_query_sequence,database,535864,536724,-3422.061363116591
17,random_query_sequence,database,517152,518012,-3444.9515333721565
18,random_query_sequence,database,560685,561545,-3455.6788888612837
19,random_query_sequence,database,306733,307593,-3474.370820244967
20,random_query_sequence,database,238255,239115,-3478.1912714545992
21,random_query_sequence,database,507572,508432,-3483.9049256855274
22,random_query_sequence,database,303151,304011,-3519.220526020823
23,random_query_sequence,database,193722,194582,-3531.564332126677
24,random_query_sequence,database,559995,560855,-3552.447389133926
25,random_query_sequence,database,550082,550942,-3554.07766517169
26,random_query_sequence,database,530793,531653,-3558.163766712328
27,random_query_sequence,database,571588,572448,-3615.9242733973197
28,random_query_sequence,database,297009,297869,-3618.2618514051574
29,random_query_sequence,database,499916,500776,-3618.9032395020076
30,random_query_sequence,database,530640,531500,-3637.57364650502
31,random_query_sequence,database,582706,583566,-3646.6162331129262
32,random_query_sequence,database,575995,576855,-3648.5956282182456
33,random_query_sequence,database,562840,563700,-3655.813539802309
34,random_query_sequence,database,570226,571086,-3656.5693619245712
35,random_query_sequence,database,563040,563900,-3665.568972571123
36,random_query_sequence,database,419076,419936,-3667.734949923651
37,random_query_sequence,database,497040,497900,-3668.4155034364276
38,random_query_sequence,database,109564,110424,-3676.091500520215
39,random_query_sequence,database,109796,110656,-3682.524586523011
40,random_query_sequence,database,285610,286470,-3691.7192369604013
41,random_query_sequence,database,568009,568869,-3697.1001359526267
42,random_query_sequence,database,562662,563522,-3705.911160886934
43,random_query_sequence,database,174670,175530,-3707.954356333763
44,random_query_sequence,database,562658,563518,-3712.1102799348228
45,random_query_sequence,database,500489,501349,-3720.008475677492
46,random_query_sequence,database,178717,179577,-3728.2270371170684
47,random_query_sequence,database,482394,483254,-3729.858519035802
48,random_query_sequence,database,574192,575052,-3733.5636145265357
49,random_query_sequence,database,507167,508027,-3735.81434935856
50,random_query_sequence,database,560177,561037,-3744.1835522339243
51,random_query_sequence,database,292260,293120,-3748.4404626639534
52,random_query_sequence,database,536079,536939,-3761.0127428840774
53,random_query_sequence,database,518281,519141,-3785.239021955116
54,random_query_sequence,database,496902,497762,-3805.178820429969
55,random_query_sequence,database,584316,585176,-3806.7783377004985
56,random_query_sequence,database,552630,553490,-3809.3204948626
57,random_query_sequence,database,179113,179973,-3813.676092922896
58,random_query_sequence,database,294491,295351,-3816.5172077144875
59,random_query_sequence,database,559321,560181,-3818.1255822591943
60,random_query_sequence,database,291511,292371,-3818.8439754652127
61,random_query_sequence,database,291606,292466,-3822.6044464137085
62,random_query_sequence,database,535193,536053,-3824.795097313885
63,random_query_sequence,database,306014,306874,-3828.341839250915
64,random_query_sequence,database,585217,586077,-3833.8730919035415
65,random_query_sequence,database,433109,433969,-3841.241872448772
66,random_query_sequence,database,305517,306377,-3848.008430160208
67,random_query_sequence,database,294573,295433,-3856.5620919133266
68,random_query_sequence,database,500579,501439,-3858.0736497944386
69,random_query_sequence,database,301619,302479,-3866.12962910568
70,random_query_sequence,database,291700,292560,-3869.036988160205
71,random_query_sequence,database,504388,505248,-3876.34869234143
72,random_query_sequence,database,563186,564046,-3878.076755439366
73,random_query_sequence,database,285660,286520,-3878.467162493359
74,random_query_sequence,database,468970,469830,-3887.0249294791097
75,random_query_sequence,database,534634,535494,-3894.6843720045235
76,random_query_sequence,database,518059,518919,-3898.1926252680055
77,random_query_sequence,database,149071,149931,-3898.4595504637177
78,random_query_sequence,database,164815,165675,-3900.6043663460455
79,random_query_sequence,database,162407,163267,-3904.013816756056
80,random_query_sequence,database,522831,523691,-3925.8900367117594
81,random_query_sequence,database,305250,306110,-3927.7933340415357
82,random_query_sequence,database,194269,195129,-3928.511046466138
83,random_query_sequence,database,492854,493714,-3938.8745154624016
84,random_query_sequence,database,165113,165973,-3943.0731752737734
85,random_query_sequence,database,360935,361795,-3947.0078304220046
86,random_query_sequence,database,193485,194345,-3952.8141594763733
87,random_query_sequence,database,492295,493155,-3959.7380090342085
88,random_query_sequence,database,184699,185559,-3959.9412238562018
89,random_query_sequence,database,178423,179283,-3960.1934881946927
90,random_query_sequence,database,527530,528390,-3961.077120780475
91,random_query_sequence,database,286076,286936,-3962.3053623895216
92,random_query_sequence,database,567829,568689,-3962.6167246827004
93,random_query_sequence,database,305417,306277,-3964.594814494042
94,random_query_sequence,database,418971,419831,-3967.7925248727124
95,random_query_sequence,database,171312,172172,-3971.5768167512524
96,random_query_sequence,database,285114,285974,-3973.301165481744
97,random_query_sequence,database,176563,177423,-3977.8008470709183
98,random_query_sequence,database,564260,565120,-3979.192563330379
99,random_query_sequence,database,527345,528205,-3979.3898961689715
100,random_query_sequence,database,487531,488391,-3981.88308805503
101,random_query_sequence,database,530368,531228,-3984.7522034534672
102,random_query_sequence,database,194243,195103,-3986.7569317746525
103,random_query_sequence,database,169773,170633,-3987.459477620479
104,random_query_sequence,database,109180,110040,-3991.8182267024163
105,random_query_sequence,database,516068,516928,-4000.779963552004
106,random_query_sequence,database,149082,149942,-4004.731533949285
107,random_query_sequence,database,96396,97256,-4009.2698479649894
108,random_query_sequence,database,572531,573391,-4016.2044348145505
109,random_query_sequence,database,528956,529816,-4021.171341914637
110,random_query_sequence,database,400041,400901,-4023.269181223844
111,random_query_sequence,database,99500,100360,-4041.012568089302
112,random_query_sequence,database,535120,535980,-4041.316733903386
113,random_query_sequence,database,494309,495169,-4041.39255031791
114,random_query_sequence,database,535003,535863,-4041.9533198849313
115,random_query_sequence,database,289183,290043,-4049.5741688170847
116,random_query_sequence,database,193518,194378,-4056.364642288059
117,random_query_sequence,database,538481,539341,-4058.1695800688526
118,random_query_sequence,database,519716,520576,-4058.2885259483846
119,random_query_sequence,database,286551,287411,-4059.7744533155887
120,random_query_sequence,database,188979,189839,-4061.3785185990296
121,random_query_sequence,database,445082,445942,-4063.981501080605
122,random_query_sequence,database,517659,518519,-4067.68314047705
123,random_query_sequence,database,529738,530598,-4078.9417231258085
124,random_query_sequence,database,522685,523545,-4085.5393018489303
125,random_query_sequence,database,391594,392454,-4096.114280220199
126,random_query_sequence,database,184647,185507,-4097.008050625972
127,random_query_sequence,database,439771,440631,-4098.116542544924
128,random_query_sequence,database,474759,475619,-4102.248817280082
129,random_query_sequence,database,423353,424213,-4106.319251481882
130,random_query_sequence,database,499167,500027,-4113.372368117482
131,random_query_sequence,database,526704,527564,-4120.683314289065
132,random_query_sequence,database,494243,495103,-4124.741882417044
133,random_query_sequence,database,552915,553775,-4129.562291875912
134,random_query_sequence,database,518977,519837,-4130.05643668429
135,random_query_sequence,database,178322,179182,-4132.373144591306
136,random_query_sequence,database,77768,78628,-4134.024826596434
137,random_query_sequence,database,552549,553409,-4145.708537475018
138,random_query_sequence,database,421677,422537,-4146.489139088972
139,random_query_sequence,database,415880,416740,-4149.305933117717
140,random_query_sequence,database,418844,419704,-4150.4928418967675
141,random_query_sequence,database,454347,455207,-4152.261837514382
142,random_query_sequence,database,187067,187927,-4158.669925408539
143,random_query_sequence,database,422215,423075,-4158.941455694092
144,random_query_sequence,database,529680,530540,-4159.234688036146
145,random_query_sequence,database,464025,464885,-4162.061023423314
146,random_query_sequence,database,299291,300151,-4163.917506563944
147,random_query_sequence,database,291244,292104,-4166.59054379877
148,random_query_sequence,database,313091,313951,-4172.120635013823
149,random_query_sequence,database,534138,534998,-4172.885309135549
150,random_query_sequence,database,474323,475183,-4176.040000269626
151,random_query_sequence,database,531648,532508,-4176.056380289148
152,random_query_sequence,database,301111,301971,-4177.1699416310275
153,random_query_sequence,database,300823,301683,-4178.827146285171
154,random_query_sequence,database,444972,445832,-4185.027393281562
155,random_query_sequence,database,499212,500072,-4187.413477700036
156,random_query_sequence,database,428792,429652,-4192.558795410221
157,random_query_sequence,database,454467,455327,-4194.348891753748
158,random_query_sequence,database,305064,305924,-4196.680963522145
159,random_query_sequence,database,110024,110884,-4200.4947341833185
160,random_query_sequence,database,285875,286735,-4205.5712014209175
161,random_query_sequence,database,518782,519642,-4210.925673578289
162,random_query_sequence,database,53741,54601,-4218.3629488953775
163,random_query_sequence,database,262875,263735,-4221.4653114703215
164,random_query_sequence,database,296005,296865,-4222.910759956832
165,random_query_sequence,database,588243,589103,-4224.804200773471
166,random_query_sequence,database,154223,155083,-4225.229669899393
167,random_query_sequence,database,441859,442719,-4225.523092969456
168,random_query_sequence,database,415411,416271,-4233.4252169941155
169,random_query_sequence,database,451015,451875,-4237.906562049377
170,random_query_sequence,database,538457,539317,-4239.990859787665
171,random_query_sequence,database,163392,164252,-4241.379340475992
172,random_query_sequence,database,280394,281254,-4254.005446067892
173,random_query_sequence,database,426550,427410,-4254.148197410771
174,random_query_sequence,database,513108,513968,-4256.528200314923
175,random_query_sequence,database,511117,511977,-4260.399191943996
176,random_query_sequence,database,295109,295969,-4262.988736741016
177,random_query_sequence,database,214129,214989,-4265.325423954793
178,random_query_sequence,database,452487,453347,-4265.4872121847
179,random_query_sequence,database,527233,528093,-4266.854301550428
180,random_query_sequence,database,293164,294024,-4267.302038564155
181,random_query_sequence,database,477345,478205,-4272.424969916621
182,random_query_sequence,database,569418,570278,-4283.93412097196
183,random_query_sequence,database,494976,495836,-4284.409246878321
184,random_query_sequence,database,537809,538669,-4284.753936414773
185,random_query_sequence,database,452470,453330,-4284.795879355521
186,random_query_sequence,database,307213,308073,-4285.184901038889
187,random_query_sequence,database,411680,412540,-4292.836436085203
188,random_query_sequence,database,551938,552798,-4294.316811366297
189,random_query_sequence,database,192053,192913,-4302.673849483051
190,random_query_sequence,database,526050,526910,-4303.01118624497
191,random_query_sequence,database,85596,86456,-4307.673087694684
192,random_query_sequence,database,313222,314082,-4310.265499764393
193,random_query_sequence,database,103125,103985,-4310.851698881795
194,random_query_sequence,database,500900,501760,-4317.467578737692
195,random_query_sequence,database,452970,453830,-4322.437410775674
196,random_query_sequence,database,569505,570365,-4328.423870087079
197,random_query_sequence,database,253240,254100,-4329.473902498684
198,random_query_sequence,database,201933,202793,-4331.202673201497
199,random_query_sequence,database,519437,520297,-4333.803731505415
200,random_query_sequence,database,291081,291941,-4340.70377154069
201,random_query_sequence,database,515189,516049,-4346.693651833012
202,random_query_sequence,database,309189,310049,-4350.2330774331585
203,random_query_sequence,database,477547,478407,-4350.977008696488
204,random_query_sequence,database,163761,164621,-4351.535972566185
205,random_query_sequence,database,556805,557665,-4364.322881257646
206,random_query_sequence,database,413753,414613,-4367.795796442869
207,random_query_sequence,database,428336,429196,-4368.026041837803
208,random_query_sequence,database,494454,495314,-4368.076408194645
209,random_query_sequence,database,412899,413759,-4368.632126938782
210,random_query_sequence,database,446022,446882,-4370.416558655631
211,random_query_sequence,database,189950,190810,-4371.024334391951
212,random_query_sequence,database,415191,416051,-4377.868045317814
213,random_query_sequence,database,180859,181719,-4378.7810406762665
214,random_query_sequence,database,86111,86971,-4379.241434493846
215,random_query_sequence,database,453196,454056,-4380.684766661015
216,random_query_sequence,database,280248,281108,-4384.3390624803
217,random_query_sequence,database,430943,431803,-4387.996584918734
218,random_query_sequence,database,176515,177375,-4388.568032972848
219,random_query_sequence,database,85429,86289,-4388.687924723035
220,random_query_sequence,database,541412,542272,-4390.28973977115
221,random_query_sequence,database,266476,267336,-4391.136841138663
222,random_query_sequence,database,411909,412769,-4392.511530811365
223,random_query_sequence,database,494568,495428,-4392.644318583413
224,random_query_sequence,database,513041,513901,-4393.181622006051
225,random_query_sequence,database,153775,154635,-4394.409665311671
226,random_query_sequence,database,541215,542075,-4394.897286057776
227,random_query_sequence,database,569286,570146,-4396.715417220435
228,random_query_sequence,database,110635,111495,-4402.088192319142
229,random_query_sequence,database,217902,218762,-4403.814485945647
230,random_query_sequence,database,108932,109792,-4404.47584352498
231,random_query_sequence,database,566435,567295,-4405.581165898469
232,random_query_sequence,database,85784,86644,-4407.074473141959
233,random_query_sequence,database,99717,100577,-4409.322145652964
234,random_query_sequence,database,177462,178322,-4412.195040545859
235,random_query_sequence,database,455342,456202,-4420.25240482695
236,random_query_sequence,database,589640,590500,-4424.0270974996065
237,random_query_sequence,database,194353,195213,-4425.879609935567
238,random_query_sequence,database,275189,276049,-4427.126670326525
239,random_query_sequence,database,483090,483950,-4427.97273128465
240,random_query_sequence,database,566437,567297,-4428.654565702759
241,random_query_sequence,database,148397,149257,-4437.865454262468
242,random_query_sequence,database,496315,497175,-4438.340487001047
243,random_query_sequence,database,423828,424688,-4438.513467909487
244,random_query_sequence,database,294884,295744,-4438.6664202126885
245,random_query_sequence,database,447568,448428,-4442.558789373353
246,random_query_sequence,database,441338,442198,-4443.497233121712
247,random_query_sequence,database,567195,568055,-4448.515299524425
248,random_query_sequence,database,300901,301761,-4450.88435870473
249,random_query_sequence,database,169206,170066,-4451.8015082109
250,random_query_sequence,database,150951,151811,-4452.779164819162
251,random_query_sequence,database,313443,314303,-4454.126482108514
252,random_query_sequence,database,526218,527078,-4459.660240418807
253,random_query_sequence,database,447874,448734,-4462.614000059793
254,random_query_sequence,database,102899,103759,-4463.286172627763
255,random_query_sequence,database,166275,167135,-4463.358538015425
256,random_query_sequence,database,510844,511704,-4464.729035223567
257,random_query_sequence,database,286880,287740,-4464.935888797151
258,random_query_sequence,database,155745,156605,-4465.261592713657
259,random_query_sequence,database,438618,439478,-4465.859469939981
260,random_query_sequence,database,520533,521393,-4468.580413106183
261,random_query_sequence,database,434534,435394,-4470.121609861291
262,random_query_sequence,database,288610,289470,-4471.0643251395995
263,random_query_sequence,database,89436,90296,-4478.492701093718
264,random_query_sequence,database,510707,511567,-4480.343786827977
265,random_query_sequence,database,443112,443972,-4484.336961584097
266,random_query_sequence,database,537251,538111,-4485.20560360784
267,random_query_sequence,database,464461,465321,-4487.445952257502
268,random_query_sequence,database,495760,496620,-4489.147119132964
269,random_query_sequence,database,425482,426342,-4489.633856996159
270,random_query_sequence,database,426639,427499,-4494.227260749604
271,random_query_sequence,database,99472,100332,-4495.852779816606
272,random_query_sequence,database,299024,299884,-4495.897301553668
273,random_query_sequence,database,173226,174086,-4497.266519191131
274,random_query_sequence,database,158355,159215,-4497.296555080558
275,random_query_sequence,database,288123,288983,-4504.528717663117
276,random_query_sequence,database,494624,495484,-4508.377729857121
277,random_query_sequence,database,416084,416944,-4509.123540366082
278,random_query_sequence,database,430869,431729,-4509.730404223987
279,random_query_sequence,database,434799,435659,-4512.405037019545
280,random_query_sequence,database,512204,513064,-4514.231048823621
281,random_query_sequence,database,265295,266155,-4514.297772002123
282,random_query_sequence,database,454621,455481,-4522.051417281391
283,random_query_sequence,database,287812,288672,-4523.094764135014
284,random_query_sequence,database,28651,29511,-4524.548246766139
285,random_query_sequence,database,110674,111534,-4527.197399706769
286,random_query_sequence,database,423694,424554,-4528.259205675089
287,random_query_sequence,database,476284,477144,-4528.768457935383
288,random_query_sequence,database,202721,203581,-4530.465352562269
289,random_query_sequence,database,169071,169931,-4531.639919594236
290,random_query_sequence,database,114539,115399,-4537.84356307486
291,random_query_sequence,database,510717,511577,-4541.440556435414
292,random_query_sequence,database,108331,109191,-4546.031832876036
293,random_query_sequence,database,213640,214500,-4548.988801884204
294,random_query_sequence,database,286786,287646,-4550.43437618911
295,random_query_sequence,database,119634,120494,-4550.510490953896
296,random_query_sequence,database,425827,426687,-4550.654894550023
297,random_query_sequence,database,232029,232889,-4552.098144637683
298,random_query_sequence,database,317326,318186,-4553.733571940002
299,random_query_sequence,database,445681,446541,-4554.232937528915
300,random_query_sequence,database,275197,276057,-4554.807216372905
301,random_query_sequence,database,51983,52843,-4556.029779418458
302,random_query_sequence,database,423533,424393,-4557.56636448652
303,random_query_sequence,database,152187,153047,-4559.155058044161
304,random_query_sequence,database,431214,432074,-4560.43753266181
305,random_query_sequence,database,151609,152469,-4563.40150539263
306,random_query_sequence,database,463850,464710,-4567.850927027612
307,random_query_sequence,database,177879,178739,-4573.4964274470385
308,random_query_sequence,database,467845,468705,-4576.657736235928
309,random_query_sequence,database,11206,12066,-4577.134476851847
310,random_query_sequence,database,150391,151251,-4581.416971712861
311,random_query_sequence,database,298857,299717,-4583.0285105325565
312,random_query_sequence,database,505938,506798,-4586.505858616728
313,random_query_sequence,database,110737,111597,-4591.877057165508
314,random_query_sequence,database,268911,269771,-4592.069527413582
315,random_query_sequence,database,119635,120495,-4592.109953731824
316,random_query_sequence,database,303740,304600,-4595.305609569685
317,random_query_sequence,database,272347,273207,-4597.091305227477
318,random_query_sequence,database,448441,449301,-4597.2299591532
319,random_query_sequence,database,54478,55338,-4597.383550881373
320,random_query_sequence,database,465619,466479,-4602.192886433032
321,random_query_sequence,database,417126,417986,-4605.607539260075
322,random_query_sequence,database,218876,219736,-4611.191051983651
323,random_query_sequence,database,486013,486873,-4623.626768621157
324,random_query_sequence,database,512210,513070,-4623.7578883717115
325,random_query_sequence,database,215268,216128,-4624.955121729962
326,random_query_sequence,database,166270,167130,-4625.353921171299
327,random_query_sequence,database,465385,466245,-4637.136220975346
328,random_query_sequence,database,28869,29729,-4638.900568668201
329,random_query_sequence,database,433968,434828,-4640.988579635439
330,random_query_sequence,database,89477,90337,-4642.538946213198
331,random_query_sequence,database,38400,39260,-4645.34714005194
332,random_query_sequence,database,202715,203575,-4645.432855576231
333,random_query_sequence,database,394535,395395,-4651.724389470878
334,random_query_sequence,database,263091,263951,-4655.782499924596
335,random_query_sequence,database,525662,526522,-4658.689103977388
336,random_query_sequence,database,481498,482358,-4659.483800912772
337,random_query_sequence,database,512365,513225,-4659.492808999641
338,random_query_sequence,database,483427,484287,-4661.781869755603
339,random_query_sequence,database,426800,427660,-4667.487081034638
340,random_query_sequence,database,149412,150272,-4669.196178385847
341,random_query_sequence,database,275485,276345,-4669.313772219956
342,random_query_sequence,database,204278,205138,-4669.979281300898
343,random_query_sequence,database,274690,275550,-4670.223610154785
344,random_query_sequence,database,260713,261573,-4670.985828992487
345,random_query_sequence,database,111078,111938,-4673.543691646336
346,random_query_sequence,database,525483,526343,-4678.804372895161
347,random_query_sequence,database,457513,458373,-4679.05010241367
348,random_query_sequence,database,295369,296229,-4682.74274627079
349,random_query_sequence,database,541462,542322,-4685.120872747654
350,random_query_sequence,database,524488,525348,-4685.175728591576
351,random_query_sequence,database,224793,225653,-4686.91087922384
352,random_query_sequence,database,217610,218470,-4687.095053353176
353,random_query_sequence,database,97573,98433,-4688.453719277069
354,random_query_sequence,database,265960,266820,-4692.153904640433
355,random_query_sequence,database,45180,46040,-4693.472718216127
356,random_query_sequence,database,90084,90944,-4694.230042084923
357,random_query_sequence,database,155430,156290,-4695.7604863662455
358,random_query_sequence,database,83409,84269,-4701.936573256018
359,random_query_sequence,database,224303,225163,-4704.33262379957
360,random_query_sequence,database,402269,403129,-4705.349029862086
361,random_query_sequence,database,436855,437715,-4706.262263022193
362,random_query_sequence,database,128337,129197,-4707.904860254074
363,random_query_sequence,database,436817,437677,-4715.313879767109
364,random_query_sequence,database,393616,394476,-4716.07994416369
365,random_query_sequence,database,59755,60615,-4717.143107911351
366,random_query_sequence,database,103670,104530,-4723.163919244214
367,random_query_sequence,database,514162,515022,-4724.536454234938
368,random_query_sequence,database,14676,15536,-4725.503489051521
369,random_query_sequence,database,538669,539529,-4726.191042464698
370,random_query_sequence,database,104894,105754,-4730.800742554893
371,random_query_sequence,database,151388,152248,-4732.031641748369
372,random_query_sequence,database,417200,418060,-4733.447085477557
373,random_query_sequence,database,201788,202648,-4739.06376283927
374,random_query_sequence,database,72244,73104,-4740.67193940464
375,random_query_sequence,database,159382,160242,-4743.15207508445
376,random_query_sequence,database,430433,431293,-4750.933564979342
377,random_query_sequence,database,25361,26221,-4751.210880172973
378,random_query_sequence,database,95077,95937,-4754.668648673289
379,random_query_sequence,database,394308,395168,-4755.059466933115
380,random_query_sequence,database,232226,233086,-4756.966194792476
381,random_query_sequence,database,448584,449444,-4757.497865554078
382,random_query_sequence,database,172785,173645,-4759.039463889021
383,random_query_sequence,database,270230,271090,-4759.679068790309
384,random_query_sequence,database,97726,98586,-4762.597424107245
385,random_query_sequence,database,472986,473846,-4763.92495772309
386,random_query_sequence,database,80508,81368,-4766.156864557961
387,random_query_sequence,database,156585,157445,-4766.6834988206
388,random_query_sequence,database,458072,458932,-4768.286746917599
389,random_query_sequence,database,156670,157530,-4772.243971149788
390,random_query_sequence,database,393886,394746,-4775.782001675325
391,random_query_sequence,database,207629,208489,-4783.7241782697365
392,random_query_sequence,database,219930,220790,-4786.417749001432
393,random_query_sequence,database,381685,382545,-4786.558560091473
394,random_query_sequence,database,472223,473083,-4788.207500423463
395,random_query_sequence,database,484226,485086,-4794.501677088658
396,random_query_sequence,database,461734,462594,-4796.22837128983
397,random_query_sequence,database,319824,320684,-4797.852939564819
398,random_query_sequence,database,264419,265279,-4798.174888591868
399,random_query_sequence,database,554243,555103,-4799.412152080826
400,random_query_sequence,database,481627,482487,-4800.986955412817
401,random_query_sequence,database,152710,153570,-4802.044709774256
402,random_query_sequence,database,128427,129287,-4803.6620855924575
403,random_query_sequence,database,155528,156388,-4808.7420879686615
404,random_query_sequence,database,94366,95226,-4812.09816408938
405,random_query_sequence,database,155671,156531,-4819.009523896175
406,random_query_sequence,database,77675,78535,-4823.664663581117
407,random_query_sequence,database,82141,83001,-4829.25360368264
408,random_query_sequence,database,441556,442416,-4831.651850594014
409,random_query_sequence,database,223863,224723,-4832.581360979976
410,random_query_sequence,database,413414,414274,-4836.5295266519115
411,random_query_sequence,database,74998,75858,-4840.0420338951935
412,random_query_sequence,database,143298,144158,-4840.3580319235125
413,random_query_sequence,database,152994,153854,-4845.500606652781
414,random_query_sequence,database,225584,226444,-4846.346058763403
415,random_query_sequence,database,10604,11464,-4847.169015385877
416,random_query_sequence,database,114983,115843,-4847.9321717443645
417,random_query_sequence,database,125372,126232,-4848.138532810352
418,random_query_sequence,database,86289,87149,-4850.278053076755
419,random_query_sequence,database,320813,321673,-4854.1452259848
420,random_query_sequence,database,244520,245380,-4854.77599354915
421,random_query_sequence,database,146525,147385,-4857.88002689949
422,random_query_sequence,database,503751,504611,-4861.95600301217
423,random_query_sequence,database,481477,482337,-4862.731903231948
424,random_query_sequence,database,429458,430318,-4863.267479699332
425,random_query_sequence,database,71165,72025,-4863.409694710877
426,random_query_sequence,database,112287,113147,-4864.39435831982
427,random_query_sequence,database,402257,403117,-4867.543506907425
428,random_query_sequence,database,486539,487399,-4879.641860367238
429,random_query_sequence,database,168765,169625,-4880.0318504126035
430,random_query_sequence,database,589926,590786,-4882.100986442382
431,random_query_sequence,database,112282,113142,-4883.6532794318155
432,random_query_sequence,database,34922,35782,-4884.859541468883
433,random_query_sequence,database,262271,263131,-4890.141520369036
434,random_query_sequence,database,481103,481963,-4894.159076735757
435,random_query_sequence,database,395841,396701,-4897.406582603218
436,random_query_sequence,database,402007,402867,-4897.792845420451
437,random_query_sequence,database,402072,402932,-4899.229727870541
438,random_query_sequence,database,551086,551946,-4904.10601386846
439,random_query_sequence,database,241027,241887,-4906.154281605933
440,random_query_sequence,database,281510,282370,-4907.037726501914
441,random_query_sequence,database,464638,465498,-4907.5391094383485
442,random_query_sequence,database,554373,555233,-4909.856085297947
443,random_query_sequence,database,153614,154474,-4912.67650254474
444,random_query_sequence,database,142995,143855,-4914.514555411953
445,random_query_sequence,database,0,768,-4914.94286551172
446,random_query_sequence,database,384168,385028,-4915.93853115966
447,random_query_sequence,database,449160,450020,-4916.844588080376
448,random_query_sequence,database,111102,111962,-4918.488443473559
449,random_query_sequence,database,146357,147217,-4918.913529152022
450,random_query_sequence,database,379998,380858,-4920.778810478699
451,random_query_sequence,database,247830,248690,-4923.071784411148
452,random_query_sequence,database,205267,206127,-4925.409899782946
453,random_query_sequence,database,94657,95517,-4927.536862246026
454,random_query_sequence,database,172288,173148,-4930.282987377645
455,random_query_sequence,database,566124,566984,-4931.339913283876
456,random_query_sequence,database,26547,27407,-4933.329874092766
457,random_query_sequence,database,344360,345220,-4936.989292738108
458,random_query_sequence,database,72095,72955,-4939.628475830468
459,random_query_sequence,database,149903,150763,-4940.348902215663
460,random_query_sequence,database,213220,214080,-4941.850674485313
461,random_query_sequence,database,488915,489775,-4944.306817154454
462,random_query_sequence,database,4218,5078,-4944.843352763516
463,random_query_sequence,database,123375,124235,-4947.0036307706805
464,random_query_sequence,database,36943,37803,-4947.734142681948
465,random_query_sequence,database,203343,204203,-4948.6324469183555
466,random_query_sequence,database,279908,280768,-4949.428767347923
467,random_query_sequence,database,143362,144222,-4950.761788970664
468,random_query_sequence,database,269324,270184,-4951.621583921855
469,random_query_sequence,database,34951,35811,-4951.834616810314
470,random_query_sequence,database,524326,525186,-4953.102735502304
471,random_query_sequence,database,401236,402096,-4954.433980400613
472,random_query_sequence,database,222560,223420,-4956.593758616772
473,random_query_sequence,database,486258,487118,-4959.464928981707
474,random_query_sequence,database,103755,104615,-4961.7828770297665
475,random_query_sequence,database,271340,272200,-4963.091454576844
476,random_query_sequence,database,318116,318976,-4965.8460306488
477,random_query_sequence,database,212548,213408,-4967.576879926307
478,random_query_sequence,database,203864,204724,-4970.212924860859
479,random_query_sequence,database,381652,382512,-4972.614018331173
480,random_query_sequence,database,98453,99313,-4974.352569623602
481,random_query_sequence,database,462511,463371,-4977.114399304994
482,random_query_sequence,database,263499,264359,-4979.986306725651
483,random_query_sequence,database,223705,224565,-4980.386679254727
484,random_query_sequence,database,112162,113022,-4981.114449155523
485,random_query_sequence,database,147161,148021,-4984.342093832688
486,random_query_sequence,database,328575,329435,-4984.54929823028
487,random_query_sequence,database,123050,123910,-4985.059118042528
488,random_query_sequence,database,432026,432886,-4989.014969314836
489,random_query_sequence,database,310159,311019,-4989.523943550385
490,random_query_sequence,database,395390,396250,-4992.455551214951
491,random_query_sequence,database,310122,310982,-4998.429538368115
492,random_query_sequence,database,70928,71788,-4998.838179838236
493,random_query_sequence,database,245292,246152,-4999.14764035471
494,random_query_sequence,database,448743,449603,-4999.2047382580395
495,random_query_sequence,database,85207,86067,-5004.777001357994
496,random_query_sequence,database,227750,228610,-5005.1409741250145
497,random_query_sequence,database,550694,551554,-5007.666130985486
498,random_query_sequence,database,228462,229322,-5010.149912255508
499,random_query_sequence,database,419848,420708,-5012.40142850003
500,random_query_sequence,database,257782,258642,-5014.7491973736405
501,random_query_sequence,database,269827,270687,-5016.436298431247
502,random_query_sequence,database,198819,199679,-5017.135222376012
503,random_query_sequence,database,344453,345313,-5018.75590701716
504,random_query_sequence,database,555850,556710,-5019.7389312247315
505,random_query_sequence,database,112936,113796,-5020.063423793464
506,random_query_sequence,database,10520,11380,-5020.56337285714
507,random_query_sequence,database,602158,603018,-5026.916658557424
508,random_query_sequence,database,53212,54072,-5028.773094565265
509,random_query_sequence,database,59243,60103,-5031.295394517334
510,random_query_sequence,database,554540,555400,-5037.670170631002
511,random_query_sequence,database,481451,482311,-5041.5143282994895
512,random_query_sequence,database,320776,321636,-5041.690000605131
513,random_query_sequence,database,220173,221033,-5046.599184605166
514,random_query_sequence,database,67849,68709,-5048.397752700554
515,random_query_sequence,database,463636,464496,-5049.13755236054
516,random_query_sequence,database,153645,154505,-5049.9199108876255
517,random_query_sequence,database,80943,81803,-5053.692458695912
518,random_query_sequence,database,217703,218563,-5054.207420901144
519,random_query_sequence,database,393361,394221,-5055.096416445767
520,random_query_sequence,database,392332,393192,-5057.991502139594
521,random_query_sequence,database,119281,120141,-5062.101988457029
522,random_query_sequence,database,481227,482087,-5065.204294588268
523,random_query_sequence,database,119256,120116,-5065.372662155019
524,random_query_sequence,database,10312,11172,-5067.600883528107
525,random_query_sequence,database,93786,94646,-5068.107127355571
526,random_query_sequence,database,31161,32021,-5069.003103044038
527,random_query_sequence,database,240878,241738,-5069.75361043474
528,random_query_sequence,database,410751,411611,-5070.712137370584
529,random_query_sequence,database,86585,87445,-5071.603592729892
530,random_query_sequence,database,146014,146874,-5074.0695227452625
531,random_query_sequence,database,82962,83822,-5079.349188226384
532,random_query_sequence,database,271815,272675,-5082.530962083903
533,random_query_sequence,database,97177,98037,-5083.739589850475
534,random_query_sequence,database,383965,384825,-5085.16079820869
535,random_query_sequence,database,392287,393147,-5085.272638553801
536,random_query_sequence,database,93303,94163,-5091.687281215086
537,random_query_sequence,database,589859,590719,-5092.478191161189
538,random_query_sequence,database,98378,99238,-5092.485463710408
539,random_query_sequence,database,136088,136948,-5094.271557257199
540,random_query_sequence,database,555719,556579,-5094.800337881571
541,random_query_sequence,database,463496,464356,-5097.741119328656
542,random_query_sequence,database,81110,81970,-5099.128496645978
543,random_query_sequence,database,74624,75484,-5099.71661444492
544,random_query_sequence,database,281958,282818,-5100.021123988738
545,random_query_sequence,database,200088,200948,-5100.27848320122
546,random_query_sequence,database,244468,245328,-5101.067686416124
547,random_query_sequence,database,550955,551815,-5104.132754307236
548,random_query_sequence,database,462858,463718,-5105.028745346502
549,random_query_sequence,database,137349,138209,-5106.2330892606615
550,random_query_sequence,database,410999,411859,-5111.379633634992
551,random_query_sequence,database,589975,590835,-5111.391909266189
552,random_query_sequence,database,402150,403010,-5112.082154645727
553,random_query_sequence,database,591101,591961,-5116.533397767009
554,random_query_sequence,database,196368,197228,-5117.157757415609
555,random_query_sequence,database,67365,68225,-5119.2595521170015
556,random_query_sequence,database,104026,104886,-5119.403313647338
557,random_query_sequence,database,138117,138977,-5120.638988803899
558,random_query_sequence,database,225628,226488,-5120.95862300152
559,random_query_sequence,database,461517,462377,-5120.988798164856
560,random_query_sequence,database,488206,489066,-5122.1523383552885
561,random_query_sequence,database,100250,101110,-5128.4845419753965
562,random_query_sequence,database,112375,113235,-5129.393213866255
563,random_query_sequence,database,195328,196188,-5131.0352548602195
564,random_query_sequence,database,251677,252537,-5132.552914592239
565,random_query_sequence,database,545163,546023,-5133.358519702751
566,random_query_sequence,database,195801,196661,-5134.098277288503
567,random_query_sequence,database,401267,402127,-5135.455310369112
568,random_query_sequence,database,598639,599499,-5138.024585781821
569,random_query_sequence,database,501254,502114,-5138.184046063978
570,random_query_sequence,database,489569,490429,-5138.299394529819
571,random_query_sequence,database,324717,325577,-5138.299783698146
572,random_query_sequence,database,440251,441111,-5140.882686862794
573,random_query_sequence,database,140895,141755,-5141.822739247235
574,random_query_sequence,database,261905,262765,-5145.409111922075
575,random_query_sequence,database,461043,461903,-5148.991860823472
576,random_query_sequence,database,195569,196429,-5151.352260250988
577,random_query_sequence,database,84457,85317,-5151.576692179869
578,random_query_sequence,database,226266,227126,-5155.754084642187
579,random_query_sequence,database,457483,458343,-5156.9997164880415
580,random_query_sequence,database,339444,340304,-5160.926381508365
581,random_query_sequence,database,212333,213193,-5161.10628995077
582,random_query_sequence,database,203217,204077,-5162.2625867368
583,random_query_sequence,database,55140,56000,-5165.491372899546
584,random_query_sequence,database,590853,591713,-5165.887955158086
585,random_query_sequence,database,76590,77450,-5174.302830915049
586,random_query_sequence,database,135210,136070,-5174.803253544931
587,random_query_sequence,database,396758,397618,-5175.656816731515
588,random_query_sequence,database,592120,592980,-5177.086079405266
589,random_query_sequence,database,384346,385206,-5177.144489566587
590,random_query_sequence,database,16605,17465,-5178.716115052246
591,random_query_sequence,database,232739,233599,-5180.196743229764
592,random_query_sequence,database,144202,145062,-5185.735537240025
593,random_query_sequence,database,323130,323990,-5187.5903226250175
594,random_query_sequence,database,279797,280657,-5188.074708657985
595,random_query_sequence,database,251507,252367,-5191.313100051098
596,random_query_sequence,database,136771,137631,-5194.786754005966
597,random_query_sequence,database,244399,245259,-5199.039668774721
598,random_query_sequence,database,392185,393045,-5200.992501399461
599,random_query_sequence,database,130659,131519,-5206.503323525236
600,random_query_sequence,database,200741,201601,-5211.2395873967325
601,random_query_sequence,database,138300,139160,-5215.040278368787
602,random_query_sequence,database,396228,397088,-5216.133139688664
603,random_query_sequence,database,281521,282381,-5218.189727614719
604,random_query_sequence,database,191,1051,-5219.401566794813
605,random_query_sequence,database,85189,86049,-5220.020401526427
606,random_query_sequence,database,217512,218372,-5221.821752926253
607,random_query_sequence,database,51117,51977,-5224.389945099552
608,random_query_sequence,database,182297,183157,-5228.719296245242
609,random_query_sequence,database,58757,59617,-5234.6900294351735
610,random_query_sequence,database,223434,224294,-5237.4568573067445
611,random_query_sequence,database,252906,253766,-5237.776628589699
612,random_query_sequence,database,123593,124453,-5242.987857550431
613,random_query_sequence,database,245319,246179,-5245.495244105118
614,random_query_sequence,database,596912,597772,-5247.482405762408
615,random_query_sequence,database,78203,79063,-5248.067618863557
616,random_query_sequence,database,81148,82008,-5251.945506675821
617,random_query_sequence,database,181908,182768,-5255.860866289894
618,random_query_sequence,database,427833,428693,-5263.539391496887
619,random_query_sequence,database,463038,463898,-5264.685812886397
620,random_query_sequence,database,223561,224421,-5268.744839116463
621,random_query_sequence,database,408814,409674,-5270.269691825902
622,random_query_sequence,database,384210,385070,-5270.736793182324
623,random_query_sequence,database,210901,211761,-5272.708344231677
624,random_query_sequence,database,381307,382167,-5275.435395412828
625,random_query_sequence,database,344072,344932,-5278.964800476641
626,random_query_sequence,database,358126,358986,-5280.121393492663
627,random_query_sequence,database,498005,498865,-5282.39211582354
628,random_query_sequence,database,591362,592222,-5286.144020970249
629,random_query_sequence,database,23639,24499,-5288.054334786182
630,random_query_sequence,database,72704,73564,-5290.577048473373
631,random_query_sequence,database,212450,213310,-5290.610890434494
632,random_query_sequence,database,197809,198669,-5290.668966454092
633,random_query_sequence,database,70168,71028,-5290.986186529912
634,random_query_sequence,database,1221,2081,-5291.0790745857785
635,random_query_sequence,database,595482,596342,-5292.0061892810345
636,random_query_sequence,database,398789,399649,-5298.43160359346
637,random_query_sequence,database,82963,83823,-5299.676882811631
638,random_query_sequence,database,72766,73626,-5302.121051252812
639,random_query_sequence,database,22314,23174,-5304.7307780626425
640,random_query_sequence,database,179944,180804,-5310.6470537011655
641,random_query_sequence,database,58947,59807,-5311.46234819871
642,random_query_sequence,database,245599,246459,-5311.812410689399
643,random_query_sequence,database,115099,115959,-5312.173859282798
644,random_query_sequence,database,57191,58051,-5314.7756899771475
645,random_query_sequence,database,182127,182987,-5317.0846659755825
646,random_query_sequence,database,115899,116759,-5317.658292492612
647,random_query_sequence,database,501418,502278,-5330.092480503231
648,random_query_sequence,database,595895,596755,-5331.051983155309
649,random_query_sequence,database,5028,5888,-5331.528059636954
650,random_query_sequence,database,327504,328364,-5331.825281037057
651,random_query_sequence,database,341158,342018,-5333.3373062061155
652,random_query_sequence,database,353701,354561,-5333.556933186001
653,random_query_sequence,database,403587,404447,-5333.915341496623
654,random_query_sequence,database,36359,37219,-5342.505213044562
655,random_query_sequence,database,488474,489334,-5345.849468923573
656,random_query_sequence,database,136400,137260,-5346.171411252162
657,random_query_sequence,database,221355,222215,-5348.274793112754
658,random_query_sequence,database,398970,399830,-5349.203576991723
659,random_query_sequence,database,39396,40256,-5349.406018590121
660,random_query_sequence,database,3506,4366,-5349.720889141026
661,random_query_sequence,database,51132,51992,-5350.997422225245
662,random_query_sequence,database,340390,341250,-5353.116437402902
663,random_query_sequence,database,279157,280017,-5354.5898023376085
664,random_query_sequence,database,207767,208627,-5355.4324008532685
665,random_query_sequence,database,32619,33479,-5358.3810674736405
666,random_query_sequence,database,81293,82153,-5359.214143234688
667,random_query_sequence,database,357120,357980,-5365.75440278931
668,random_query_sequence,database,21457,22317,-5367.208838584918
669,random_query_sequence,database,407100,407960,-5368.568824065661
670,random_query_sequence,database,35521,36381,-5372.189305585442
671,random_query_sequence,database,399092,399952,-5372.844789379336
672,random_query_sequence,database,123626,124486,-5375.869798853732
673,random_query_sequence,database,78919,79779,-5376.926832616937
674,random_query_sequence,database,142544,143404,-5381.031301818895
675,random_query_sequence,database,208301,209161,-5386.936539520116
676,random_query_sequence,database,592528,593388,-5389.697055087551
677,random_query_sequence,database,545585,546445,-5394.56618164074
678,random_query_sequence,database,146143,147003,-5400.870704851245
679,random_query_sequence,database,381271,382131,-5405.468871724077
680,random_query_sequence,database,58138,58998,-5408.405523696364
681,random_query_sequence,database,378713,379573,-5410.007702631725
682,random_query_sequence,database,209398,210258,-5412.272414806112
683,random_query_sequence,database,36301,37161,-5413.117760140684
684,random_query_sequence,database,210964,211824,-5415.069398396079
685,random_query_sequence,database,590994,591854,-5416.115605400465
686,random_query_sequence,database,466748,467608,-5417.088526331159
687,random_query_sequence,database,233994,234854,-5417.715575923747
688,random_query_sequence,database,594787,595647,-5420.733417629889
689,random_query_sequence,database,56209,57069,-5430.758236288573
690,random_query_sequence,database,23707,24567,-5430.883201625428
691,random_query_sequence,database,22697,23557,-5435.2145194319855
692,random_query_sequence,database,385658,386518,-5435.345995508891
693,random_query_sequence,database,381410,382270,-5436.701558450412
694,random_query_sequence,database,456678,457538,-5437.031851763765
695,random_query_sequence,database,479488,480348,-5438.949863217857
696,random_query_sequence,database,353734,354594,-5439.728649347102
697,random_query_sequence,database,208668,209528,-5446.196690203881
698,random_query_sequence,database,326860,327720,-5448.803921794836
699,random_query_sequence,database,64296,65156,-5450.069826950869
700,random_query_sequence,database,594502,595362,-5450.808291460148
701,random_query_sequence,database,311761,312621,-5451.270100315622
702,random_query_sequence,database,60484,61344,-5454.6886321735365
703,random_query_sequence,database,363080,363940,-5458.293264080923
704,random_query_sequence,database,69296,70156,-5460.690671933658
705,random_query_sequence,database,77895,78755,-5464.129527892754
706,random_query_sequence,database,65681,66541,-5466.663564848979
707,random_query_sequence,database,138253,139113,-5467.057992417348
708,random_query_sequence,database,352921,353781,-5467.099829105793
709,random_query_sequence,database,208573,209433,-5467.170989864186
710,random_query_sequence,database,127174,128034,-5468.325278871786
711,random_query_sequence,database,247470,248330,-5468.82357077112
712,random_query_sequence,database,320318,321178,-5469.825428302173
713,random_query_sequence,database,338412,339272,-5474.137486582763
714,random_query_sequence,database,18381,19241,-5476.730871841314
715,random_query_sequence,database,407309,408169,-5478.534568467195
716,random_query_sequence,database,92221,93081,-5478.668920901958
717,random_query_sequence,database,256734,257594,-5480.527652376302
718,random_query_sequence,database,128041,128901,-5482.943988916015
719,random_query_sequence,database,339353,340213,-5483.939534040466
720,random_query_sequence,database,15755,16615,-5484.47639812781
721,random_query_sequence,database,58526,59386,-5484.548392965942
722,random_query_sequence,database,354922,355782,-5488.39290889544
723,random_query_sequence,database,599101,599961,-5490.317108457578
724,random_query_sequence,database,599933,600793,-5490.386741755364
725,random_query_sequence,database,594628,595488,-5490.451022615671
726,random_query_sequence,database,47019,47879,-5490.600932861144
727,random_query_sequence,database,49473,50333,-5492.109352030182
728,random_query_sequence,database,116153,117013,-5493.283929046885
729,random_query_sequence,database,62564,63424,-5500.78252411638
730,random_query_sequence,database,346532,347392,-5505.8448601996915
731,random_query_sequence,database,217433,218293,-5508.0560898498525
732,random_query_sequence,database,23636,24496,-5510.673837200428
733,random_query_sequence,database,407226,408086,-5516.243380146857
734,random_query_sequence,database,357964,358824,-5520.327789575538
735,random_query_sequence,database,67261,68121,-5522.603207176687
736,random_query_sequence,database,92263,93123,-5528.240769640293
737,random_query_sequence,database,26900,27760,-5529.326028537015
738,random_query_sequence,database,396563,397423,-5533.994118633761
739,random_query_sequence,database,346541,347401,-5535.568290116906
740,random_query_sequence,database,65771,66631,-5540.241968717067
741,random_query_sequence,database,360080,360940,-5541.035131853687
742,random_query_sequence,database,12128,12988,-5548.141317906919
743,random_query_sequence,database,602983,603843,-5549.150477458099
744,random_query_sequence,database,463148,464008,-5549.2413453841355
745,random_query_sequence,database,384786,385646,-5553.795614428215
746,random_query_sequence,database,407419,408279,-5559.580832296754
747,random_query_sequence,database,115986,116846,-5559.599901627713
748,random_query_sequence,database,43370,44230,-5566.826026375241
749,random_query_sequence,database,141760,142620,-5567.377419541654
750,random_query_sequence,database,47290,48150,-5568.726462649115
751,random_query_sequence,database,358286,359146,-5571.820529925363
752,random_query_sequence,database,60579,61439,-5572.213737055537
753,random_query_sequence,database,226662,227522,-5577.6213894058865
754,random_query_sequence,database,592036,592896,-5577.7156472412435
755,random_query_sequence,database,29837,30697,-5579.813199170236
756,random_query_sequence,database,333481,334341,-5585.253337746702
757,random_query_sequence,database,142440,143300,-5587.352373622236
758,random_query_sequence,database,209491,210351,-5588.582358892295
759,random_query_sequence,database,255140,256000,-5589.860288330983
760,random_query_sequence,database,256633,257493,-5594.027749773176
761,random_query_sequence,database,57546,58406,-5594.716214859642
762,random_query_sequence,database,361898,362758,-5596.33719349617
763,random_query_sequence,database,92980,93840,-5596.967065138582
764,random_query_sequence,database,490623,491483,-5597.812265799515
765,random_query_sequence,database,73305,74165,-5599.0193220254905
766,random_query_sequence,database,226690,227550,-5599.328229910081
767,random_query_sequence,database,62298,63158,-5599.535528446066
768,random_query_sequence,database,211456,212316,-5601.020777942742
769,random_query_sequence,database,30330,31190,-5607.888769008814
770,random_query_sequence,database,594862,595722,-5611.86908012365
771,random_query_sequence,database,276304,277164,-5617.062332300837
772,random_query_sequence,database,35832,36692,-5619.641642620977
773,random_query_sequence,database,333704,334564,-5622.788914295901
774,random_query_sequence,database,319313,320173,-5624.285892927625
775,random_query_sequence,database,70130,70990,-5625.069728303755
776,random_query_sequence,database,138796,139656,-5629.119494889038
777,random_query_sequence,database,278846,279706,-5630.163554374673
778,random_query_sequence,database,20139,20999,-5634.442039959832
779,random_query_sequence,database,129538,130398,-5634.745755097867
780,random_query_sequence,database,368947,369807,-5636.131312103785
781,random_query_sequence,database,78580,79440,-5639.96559522025
782,random_query_sequence,database,134295,135155,-5640.75448087929
783,random_query_sequence,database,310369,311229,-5644.6801762243285
784,random_query_sequence,database,26876,27736,-5649.411816396595
785,random_query_sequence,database,208811,209671,-5650.4497730715075
786,random_query_sequence,database,382597,383457,-5651.8497236575995
787,random_query_sequence,database,1839,2699,-5653.053018552374
788,random_query_sequence,database,39494,40354,-5655.724318469038
789,random_query_sequence,database,216424,217284,-5656.604360256858
790,random_query_sequence,database,21037,21897,-5656.741482529363
791,random_query_sequence,database,322458,323318,-5660.335474255395
792,random_query_sequence,database,321829,322689,-5662.520518987956
793,random_query_sequence,database,397909,398769,-5664.919035845759
794,random_query_sequence,database,8769,9629,-5665.193855867362
795,random_query_sequence,database,601967,602827,-5666.947999485257
796,random_query_sequence,database,42999,43859,-5667.37972641567
797,random_query_sequence,database,544022,544882,-5669.415796425644
798,random_query_sequence,database,234196,235056,-5673.203946372585
799,random_query_sequence,database,141947,142807,-5676.206759894954
800,random_query_sequence,database,501940,502800,-5676.541094954179
801,random_query_sequence,database,346834,347694,-5684.062345109615
802,random_query_sequence,database,331938,332798,-5685.176050295854
803,random_query_sequence,database,247379,248239,-5685.647973578576
804,random_query_sequence,database,479889,480749,-5686.797378940809
805,random_query_sequence,database,283680,284540,-5698.276899751261
806,random_query_sequence,database,254686,255546,-5702.429795355457
807,random_query_sequence,database,379062,379922,-5702.488633172878
808,random_query_sequence,database,322004,322864,-5704.070195224107
809,random_query_sequence,database,78626,79486,-5706.765424526253
810,random_query_sequence,database,216402,217262,-5707.041360388414
811,random_query_sequence,database,127387,128247,-5710.357013243518
812,random_query_sequence,database,22814,23674,-5711.568062189485
813,random_query_sequence,database,22914,23774,-5713.8399878257605
814,random_query_sequence,database,142290,143150,-5731.728156757288
815,random_query_sequence,database,31509,32369,-5735.917108144643
816,random_query_sequence,database,384768,385628,-5739.161547813728
817,random_query_sequence,database,599962,600822,-5741.164196362001
818,random_query_sequence,database,591653,592513,-5745.866155975233
819,random_query_sequence,database,79135,79995,-5746.135695332394
820,random_query_sequence,database,65147,66007,-5749.7292437449805
821,random_query_sequence,database,9127,9987,-5750.900213265814
822,random_query_sequence,database,31395,32255,-5750.933697123607
823,random_query_sequence,database,124094,124954,-5755.958416830156
824,random_query_sequence,database,33130,33990,-5759.837799305156
825,random_query_sequence,database,332917,333777,-5764.633242264098
826,random_query_sequence,database,363421,364281,-5767.539308763587
827,random_query_sequence,database,327782,328642,-5768.548738047818
828,random_query_sequence,database,312256,313116,-5770.918242144313
829,random_query_sequence,database,74327,75187,-5778.203558405478
830,random_query_sequence,database,127608,128468,-5780.280761971463
831,random_query_sequence,database,276753,277613,-5782.728445861271
832,random_query_sequence,database,330101,330961,-5789.786420598831
833,random_query_sequence,database,35636,36496,-5793.019531623024
834,random_query_sequence,database,383834,384694,-5801.038412809488
835,random_query_sequence,database,141582,142442,-5806.352986994705
836,random_query_sequence,database,34166,35026,-5811.716548114669
837,random_query_sequence,database,388198,389058,-5812.292708706301
838,random_query_sequence,database,91642,92502,-5812.543603967796
839,random_query_sequence,database,79218,80078,-5822.399317333711
840,random_query_sequence,database,383641,384501,-5833.608160728942
841,random_query_sequence,database,385909,386769,-5834.401270051397
842,random_query_sequence,database,278200,279060,-5834.54752827116
843,random_query_sequence,database,32303,33163,-5834.854554923205
844,random_query_sequence,database,73947,74807,-5838.201479107328
845,random_query_sequence,database,357706,358566,-5840.718455631581
846,random_query_sequence,database,9126,9986,-5841.015708776278
847,random_query_sequence,database,45910,46770,-5848.248091871228
848,random_query_sequence,database,31821,32681,-5864.564199583358
849,random_query_sequence,database,343502,344362,-5871.991530320217
850,random_query_sequence,database,102,962,-5874.587380616513
851,random_query_sequence,database,39585,40445,-5883.179368333709
852,random_query_sequence,database,349829,350689,-5887.909988682164
853,random_query_sequence,database,376218,377078,-5900.917099850883
854,random_query_sequence,database,346250,347110,-5901.54809916831
855,random_query_sequence,database,547052,547912,-5908.062849543873
856,random_query_sequence,database,37373,38233,-5908.964497840599
857,random_query_sequence,database,35913,36773,-5910.96757583346
858,random_query_sequence,database,357683,358543,-5916.730132878698
859,random_query_sequence,database,362626,363486,-5918.334497006336
860,random_query_sequence,database,370338,371198,-5926.069719616345
861,random_query_sequence,database,502300,503160,-5931.245401565134
862,random_query_sequence,database,15481,16341,-5943.36883280457
863,random_query_sequence,database,131242,132102,-5955.931514317917
864,random_query_sequence,database,312014,312874,-5972.24727581875
865,random_query_sequence,database,2554,3414,-5974.9123583040755
866,random_query_sequence,database,603569,604429,-5982.7019314102745
867,random_query_sequence,database,73999,74859,-5991.303357342218
868,random_query_sequence,database,385942,386802,-5992.409800673468
869,random_query_sequence,database,330245,331105,-5997.9134102043445
870,random_query_sequence,database,334277,335137,-6004.972945839292
871,random_query_sequence,database,349399,350259,-6012.016460165216
872,random_query_sequence,database,12316,13176,-6022.887378589488
873,random_query_sequence,database,363621,364481,-6024.883884592324
874,random_query_sequence,database,347445,348305,-6031.076202991297
875,random_query_sequence,database,17649,18509,-6073.501376781278
876,random_query_sequence,database,332689,333549,-6076.149253132493
877,random_query_sequence,database,734,1594,-6081.306690965394
878,random_query_sequence,database,363932,364792,-6081.758712463817
879,random_query_sequence,database,350006,350866,-6084.033057101885
880,random_query_sequence,database,371796,372656,-6085.595627118758
881,random_query_sequence,database,323846,324706,-6087.266988624704
882,random_query_sequence,database,334272,335132,-6103.200664972869
883,random_query_sequence,database,243585,244445,-6108.290037236842
884,random_query_sequence,database,547695,548555,-6131.154699316358
885,random_query_sequence,database,312506,313366,-6131.205785167247
886,random_query_sequence,database,358579,359439,-6131.256729630391
887,random_query_sequence,database,370952,371812,-6133.131749894259
888,random_query_sequence,database,350357,351217,-6139.234487750659
889,random_query_sequence,database,12510,13370,-6146.262601307065
890,random_query_sequence,database,554961,555821,-6151.6512091673885
891,random_query_sequence,database,311424,312284,-6152.279153510742
892,random_query_sequence,database,236055,236915,-6165.70823684066
893,random_query_sequence,database,236254,237114,-6178.419751020413
894,random_query_sequence,database,350486,351346,-6182.330693113536
895,random_query_sequence,database,547084,547944,-6183.158310013255
896,random_query_sequence,database,330721,331581,-6191.6133535296585
897,random_query_sequence,database,45939,46799,-6198.8349308301185
898,random_query_sequence,database,369275,370135,-6203.611015950548
899,random_query_sequence,database,6054,6914,-6213.845598294306
900,random_query_sequence,database,375854,376714,-6216.9399233040385
901,random_query_sequence,database,251120,251980,-6219.262445758553
902,random_query_sequence,database,371770,372630,-6220.370493019312
903,random_query_sequence,database,250609,251469,-6245.6930091491095
904,random_query_sequence,database,548001,548861,-6277.378127555449
905,random_query_sequence,database,548155,549015,-6278.2825778951665
906,random_query_sequence,database,7078,7938,-6284.8714082532215
907,random_query_sequence,database,348651,349511,-6312.89120527752
908,random_query_sequence,database,548784,549644,-6340.833525692192
909,random_query_sequence,database,139615,140475,-6358.8117776540785
910,random_query_sequence,database,712,1572,-6372.664554436655
911,random_query_sequence,database,6065,6925,-6375.032614036763
912,random_query_sequence,database,250916,251776,-6394.3531544603275
913,random_query_sequence,database,283456,284316,-6406.4946892510725
914,random_query_sequence,database,364028,364888,-6422.12041752792
915,random_query_sequence,database,246939,247799,-6458.151335039779
916,random_query_sequence,database,372032,372892,-6529.9958918722805
917,random_query_sequence,database,371381,372241,-6544.508194385993
918,random_query_sequence,database,326174,327034,-6575.605556931458
919,random_query_sequence,database,364757,365617,-6620.586909000459
920,random_query_sequence,database,389162,390022,-6624.961630818787
921,random_query_sequence,database,7563,8423,-6746.840463433555
922,random_query_sequence,database,40286,41146,-6776.740187647762
923,random_query_sequence,database,377824,378684,-6792.18278757301
924,random_query_sequence,database,41600,42460,-6792.657723340156
925,random_query_sequence,database,364383,365243,-6818.1937989836015
926,random_query_sequence,database,369601,370461,-6837.857395401908
927,random_query_sequence,database,7685,8545,-6838.87644057496
928,random_query_sequence,database,40609,41469,-6893.775274719593
929,random_query_sequence,database,373253,374113,-6919.003299496035
930,random_query_sequence,database,343192,344052,-6930.760002866959
931,random_query_sequence,database,40879,41739,-7069.5668719587275
932,random_query_sequence,database,41050,41910,-7120.105340764669
